{
  "id": "adventures-barwick",
  "title": "Adventures by Ben Barwick",
  "description": "A collection of DnD 5e adventures by Ben Barwick.",
  "authors": [
    {
      "name": "Ben Barwick",
      "flags": {}
    }
  ],
  "version": "0.0.6",
  "compatibility": {
    "minimum": "12",
    "verified": "12"
  },
  "packs": [
    {
      "name": "adventures-by-ben-barwick",
      "label": "Adventures by Ben Barwick",
      "path": "packs/adventures-by-ben-barwick",
      "type": "Adventure",
      "system": "dnd5e",
      "ownership": {
        "PLAYER": "OBSERVER",
        "ASSISTANT": "OWNER"
      }
    },
    {
      "name": "daria-actors",
      "label": "Daria Actors",
      "path": "packs/daria-actors",
      "type": "Actor",
      "system": "dnd5e",
      "ownership": {
        "PLAYER": "OBSERVER",
        "ASSISTANT": "OWNER"
      }
    },
    {
      "name": "daria-cards",
      "label": "Daria Cards",
      "path": "packs/daria-cards",
      "type": "Cards",
      "ownership": {
        "PLAYER": "OBSERVER",
        "ASSISTANT": "OWNER"
      }
    },
    {
      "name": "daria-items",
      "label": "Daria Items",
      "path": "packs/daria-items",
      "type": "Item",
      "system": "dnd5e",
      "ownership": {
        "PLAYER": "OBSERVER",
        "ASSISTANT": "OWNER"
      }
    },
    {
      "name": "daria-journals",
      "label": "Daria Journals",
      "path": "packs/daria-journals",
      "type": "Journal",
      "ownership": {
        "PLAYER": "OBSERVER",
        "ASSISTANT": "OWNER"
      }
    },
    {
      "name": "daria-macros",
      "label": "Daria Macros",
      "path": "packs/daria-macros",
      "type": "Macro",
      "ownership": {
        "PLAYER": "OBSERVER",
        "ASSISTANT": "OWNER"
      }
    },
    {
      "name": "daria-playlists",
      "label": "Daria Playlists",
      "path": "packs/daria-playlists",
      "type": "Playlist",
      "ownership": {
        "PLAYER": "OBSERVER",
        "ASSISTANT": "OWNER"
      }
    },
    {
      "name": "daria-scenes",
      "label": "Daria Scenes",
      "path": "packs/daria-scenes",
      "type": "Scene",
      "ownership": {
        "PLAYER": "OBSERVER",
        "ASSISTANT": "OWNER"
      }
    },
    {
      "name": "daria-tables",
      "label": "Daria Tables",
      "path": "packs/daria-tables",
      "type": "RollTable",
      "ownership": {
        "PLAYER": "OBSERVER",
        "ASSISTANT": "OWNER"
      }
    }
  ],
  "url": "https://github.com/bpbarwick/adventures-barwick",
  "manifest": "https://github.com/bpbarwick/adventures-barwick/releases/download/0.0.6/module.json",
  "download": "https://github.com/bpbarwick/adventures-barwick/releases/download/0.0.6/adventures-barwick_release.zip"
}